productName,manufacturer,description,image,importPrice,retailPrice,stockQuantity,isActive,category
"Galaxy Z Fold Special","Samsung","Samsung Galaxy Z Fold Special Android smartphone. Announced Oct 2024. Features 8.0″  display, Snapdragon 8 Gen 3 chipset, 4400 mAh battery, 512 GB storage, 16 GB RAM.","https://fdn2.gsmarena.com/vv/bigpic/samsung-galaxy-z-fold-special-edition.jpg","12090000","14290000","28","true","smartphone"
"Galaxy A16","Samsung","Samsung Galaxy A16 Android smartphone. Announced Oct 2024. Features 6.7″  display, Helio G99 chipset, 5000 mAh battery, 256 GB storage, 6 GB RAM.","https://fdn2.gsmarena.com/vv/bigpic/samsung-galaxy-a16-lte.jpg","10890000","11890000","43","true","smartphone"
"Galaxy A16 5G","Samsung","Samsung Galaxy A16 5G Android smartphone. Announced Oct 2024. Features 6.7″  display, Exynos 1330 or Dimensity 6300 chipset, 5000 mAh battery, 256 GB storage, 8 GB RAM.","https://fdn2.gsmarena.com/vv/bigpic/samsung-galaxy-a16-5g.jpg","5690000","7290000","23","true","smartphone"
"Galaxy S24 FE","Samsung","Samsung Galaxy S24 FE Android smartphone. Announced Sep 2024. Features 6.7″  display, Exynos 2400e chipset, 4700 mAh battery, 512 GB storage, 8 GB RAM, Corning Gorilla Glass Victus+.","https://fdn2.gsmarena.com/vv/bigpic/samsung-galaxy-s24-fe-r1.jpg","6190000","7590000","46","true","smartphone"
"Galaxy M55s","Samsung","Samsung Galaxy M55s Android smartphone. Announced Sep 2024. Features 6.7″  display, Snapdragon 7 Gen 1 chipset, 5000 mAh battery, 256 GB storage, 8 GB RAM.","https://fdn2.gsmarena.com/vv/bigpic/samsung-galaxy-m55s.jpg","23490000","27090000","26","true","smartphone"
"Galaxy F05","Samsung","Samsung Galaxy F05 Android smartphone. Announced Sep 2024. Features 6.7″  display, Helio G85 chipset, 5000 mAh battery, 64 GB storage, 4 GB RAM.","https://fdn2.gsmarena.com/vv/bigpic/samsung-galaxy-f05.jpg","14990000","16990000","47","true","smartphone"
"Galaxy M05","Samsung","Samsung Galaxy M05 Android smartphone. Announced Sep 2024. Features 6.7″  display, Helio G85 chipset, 5000 mAh battery, 64 GB storage, 4 GB RAM.","https://fdn2.gsmarena.com/vv/bigpic/samsung-galaxy-m05.jpg","22590000","25190000","39","true","smartphone"
"Galaxy A06","Samsung","Samsung Galaxy A06 Android smartphone. Announced Aug 2024. Features 6.7″  display, Helio G85 chipset, 5000 mAh battery, 128 GB storage, 6 GB RAM.","https://fdn2.gsmarena.com/vv/bigpic/samsung-galaxy-a06-1.jpg","6990000","9490000","40","true","smartphone"
"Galaxy F14 4G","Samsung","Samsung Galaxy F14 4G Android smartphone. Announced Aug 2024. Features 6.7″  display, Snapdragon 680 4G chipset, 5000 mAh battery, 64 GB storage, 4 GB RAM.","https://fdn2.gsmarena.com/vv/bigpic/samsung-galaxy-f14-4g.jpg","6690000","7890000","27","true","smartphone"
"Galaxy Z Fold6","Samsung","Samsung Galaxy Z Fold6 Android smartphone. Announced Jul 2024. Features 7.6″  display, Snapdragon 8 Gen 3 chipset, 4400 mAh battery, 1024 GB storage, 12 GB RAM.","https://fdn2.gsmarena.com/vv/bigpic/samsung-galaxy-z-fold6.jpg","15390000","18290000","38","true","smartphone"
"Galaxy Z Flip6","Samsung","Samsung Galaxy Z Flip6 Android smartphone. Announced Jul 2024. Features 6.7″  display, Snapdragon 8 Gen 3 chipset, 4000 mAh battery, 512 GB storage, 12 GB RAM.","https://fdn2.gsmarena.com/vv/bigpic/samsung-galaxy-z-flip6.jpg","3290000","3990000","49","true","smartphone"
"Galaxy M35","Samsung","Samsung Galaxy M35 Android smartphone. Announced May 2024. Features 6.6″  display, Exynos 1380 chipset, 6000 mAh battery, 256 GB storage, 8 GB RAM, Corning Gorilla Glass Victus+.","https://fdn2.gsmarena.com/vv/bigpic/samsung-galaxy-m35-.jpg","3390000","4090000","25","true","smartphone"
"Galaxy F55","Samsung","Samsung Galaxy F55 Android smartphone. Announced May 2024. Features 6.7″  display, Snapdragon 7 Gen 1 chipset, 5000 mAh battery, 256 GB storage, 12 GB RAM.","https://fdn2.gsmarena.com/vv/bigpic/samsung-galaxy-f55.jpg","20090000","24390000","33","true","smartphone"
"Galaxy C55","Samsung","Samsung Galaxy C55 Android smartphone. Announced Apr 2024. Features 6.7″  display, Snapdragon 7 Gen 1 chipset, 5000 mAh battery, 256 GB storage, 12 GB RAM.","https://fdn2.gsmarena.com/vv/bigpic/samsung-galaxy-c55.jpg","7390000","9190000","47","true","smartphone"
"Galaxy M55","Samsung","Samsung Galaxy M55 Android smartphone. Announced Mar 2024. Features 6.7″  display, Snapdragon 7 Gen 1 chipset, 5000 mAh battery, 256 GB storage, 12 GB RAM.","https://fdn2.gsmarena.com/vv/bigpic/samsung-galaxy-m55.jpg","20290000","23190000","27","true","smartphone"
"Galaxy Watch Ultra","Samsung","Samsung Galaxy Watch Ultra Android watch. Announced Jul 2024. Features 1.5″  display, Exynos W1000 chipset, 590 mAh battery, 32 GB storage, 2 GB RAM, MIL-STD 810H certified, Sapphire crystal glass.","https://fdn2.gsmarena.com/vv/bigpic/samsung-galaxy-watch-ultra.jpg","5590000","6790000","26","true","watch"
"Galaxy Watch7","Samsung","Samsung Galaxy Watch7 Android watch. Announced Jul 2024. Features 1.5″  display, Exynos W1000 chipset, 425 mAh battery, 32 GB storage, 2 GB RAM, MIL-STD-810H compliant, Sapphire crystal.","https://fdn2.gsmarena.com/vv/bigpic/samsung-galaxy-watch7.jpg","6290000","7390000","44","true","watch"
"Galaxy Watch FE","Samsung","Samsung Galaxy Watch FE Android watch. Announced Jun 2024. Features 1.2″  display, Exynos W920 chipset, 247 mAh battery, 16 GB storage, 1.5 GB RAM, MIL-STD-810H compliant, Sapphire crystal glass.","https://fdn2.gsmarena.com/vv/bigpic/samsung-galaxy-watch-fe-r.jpg","5690000","6190000","20","true","watch"
"Galaxy Watch6 Classic","Samsung","Samsung Galaxy Watch6 Classic Android watch. Announced Jul 2023. Features 1.5″  display, Exynos W930 chipset, 425 mAh battery, 16 GB storage, 2 GB RAM, MIL-STD-810H compliant, Sapphire crystal.","https://fdn2.gsmarena.com/vv/bigpic/samsung-galaxy-watch6-classic.jpg","5790000","6890000","25","true","watch"
"Galaxy Watch6","Samsung","Samsung Galaxy Watch6 Android watch. Announced Jul 2023. Features 1.5″  display, Exynos W930 chipset, 425 mAh battery, 16 GB storage, 2 GB RAM, MIL-STD-810H compliant, Sapphire crystal.","https://fdn2.gsmarena.com/vv/bigpic/samsung-galaxy-watch6.jpg","10290000","12190000","50","true","watch"
"Galaxy Watch5 Pro","Samsung","Samsung Galaxy Watch5 Pro Android watch. Announced Aug 2022. Features 1.4″  display, Exynos W920 chipset, 590 mAh battery, 16 GB storage, 1.5 GB RAM, MIL-STD-810H compliant, Sapphire crystal.","https://fdn2.gsmarena.com/vv/bigpic/samsung-galaxy-watch5pro.jpg","6790000","7390000","23","true","watch"
"Galaxy Watch5","Samsung","Samsung Galaxy Watch5 Android watch. Announced Aug 2022. Features 1.4″  display, Exynos W920 chipset, 410 mAh battery, 16 GB storage, 1.5 GB RAM, MIL-STD-810H compliant, Sapphire crystal.","https://fdn2.gsmarena.com/vv/bigpic/samsung-galaxy-watch5.jpg","1690000","2390000","44","true","watch"
"Galaxy Watch4 Classic","Samsung","Samsung Galaxy Watch4 Classic Android watch. Announced Aug 2021. Features 1.4″  display, Exynos W920 chipset, 361 mAh battery, 16 GB storage, 1.5 GB RAM, MIL-STD-810G compliant, Corning Gorilla Glass DX.","https://fdn2.gsmarena.com/vv/bigpic/samsung-galaxy-watch4-classic.jpg","12690000","13890000","35","true","watch"
"Galaxy Watch4","Samsung","Samsung Galaxy Watch4 Android watch. Announced Aug 2021. Features 1.4″  display, Exynos W920 chipset, 361 mAh battery, 16 GB storage, 1.5 GB RAM, MIL-STD-810G compliant, Corning Gorilla Glass DX+.","https://fdn2.gsmarena.com/vv/bigpic/samsung-galaxy-watch4.jpg","2690000","3990000","50","true","watch"
"Galaxy Watch3","Samsung","Samsung Galaxy Watch3 watch. Announced Aug 2020. Features 1.4″  display, Exynos 9110 chipset, 340 mAh battery, 8 GB storage, 1000 MB RAM, MIL-STD-810G compliant, Corning Gorilla Glass DX.","https://fdn2.gsmarena.com/vv/bigpic/samsung-galaxy-watch3.jpg","9090000","10790000","36","true","watch"
"Galaxy Tab S10 Ultra","Samsung","Samsung Galaxy Tab S10 Ultra Android tablet. Announced Sep 2024. Features 14.6″  display, Dimensity 9300+ chipset, 11200 mAh battery, 1024 GB storage, 16 GB RAM.","https://fdn2.gsmarena.com/vv/bigpic/samsung-galaxy-tab-s10-ultra.jpg","24290000","27490000","20","true","tablet"
"Galaxy Tab S10+","Samsung","Samsung Galaxy Tab S10+ Android tablet. Announced Sep 2024. Features 12.4″  display, Dimensity 9300+ chipset, 10090 mAh battery, 512 GB storage, 12 GB RAM.","https://fdn2.gsmarena.com/vv/bigpic/samsung-galaxy-tab-s10-plus.jpg","23890000","25890000","22","true","tablet"
"Galaxy Tab S6 Lite (2024)","Samsung","Samsung Galaxy Tab S6 Lite (2024) Android tablet. Announced Mar 2024. Features 10.4″  display, Exynos 1280 chipset, 7040 mAh battery, 128 GB storage, 4 GB RAM.","https://fdn2.gsmarena.com/vv/bigpic/samsung-galaxy-tab-s6-lite-2024.jpg","17890000","21090000","24","true","tablet"
"Galaxy Tab Active5","Samsung","Samsung Galaxy Tab Active5 Android tablet. Announced Jan 2024. Features 8.0″  display, 5 nm chipset, 5050 mAh battery, 256 GB storage, 8 GB RAM, MIL-STD-810H compliant, Corning Gorilla Glass 5.","https://fdn2.gsmarena.com/vv/bigpic/samsung-galaxy-tab-active5.jpg","12990000","14590000","29","true","tablet"
"Galaxy Tab A9+","Samsung","Samsung Galaxy Tab A9+ Android tablet. Announced Oct 2023. Features 11.0″  display, Snapdragon 695 5G chipset, 7040 mAh battery, 256 GB storage, 8 GB RAM.","https://fdn2.gsmarena.com/vv/bigpic/samsung-galaxy-tab-a9-plus.jpg","17390000","19690000","28","true","tablet"
"Galaxy Tab A9","Samsung","Samsung Galaxy Tab A9 Android tablet. Announced Oct 2023. Features 8.7″  display, Helio G99 chipset, 5100 mAh battery, 128 GB storage, 8 GB RAM.","https://fdn2.gsmarena.com/vv/bigpic/samsung-galaxy-tab-a9.jpg","28590000","32290000","27","true","tablet"
"Galaxy Tab S9 FE+","Samsung","Samsung Galaxy Tab S9 FE+ Android tablet. Announced Oct 2023. Features 12.4″  display, Exynos 1380 chipset, 10090 mAh battery, 256 GB storage, 12 GB RAM.","https://fdn2.gsmarena.com/vv/bigpic/samsung-galaxy-tab-s9-fe-plus-10-.jpg","10290000","11890000","26","true","tablet"
"Galaxy Tab S9 FE","Samsung","Samsung Galaxy Tab S9 FE Android tablet. Announced Oct 2023. Features 10.9″  display, Exynos 1380 chipset, 8000 mAh battery, 256 GB storage, 8 GB RAM.","https://fdn2.gsmarena.com/vv/bigpic/samsung-galaxy-tab-s9-fe-10-.jpg","17490000","20690000","23","true","tablet"
"Galaxy Tab S9 Ultra","Samsung","Samsung Galaxy Tab S9 Ultra Android tablet. Announced Jul 2023. Features 14.6″  display, Snapdragon 8 Gen 2 chipset, 11200 mAh battery, 1024 GB storage, 16 GB RAM, Corning Gorilla Glass.","https://fdn2.gsmarena.com/vv/bigpic/samsung-galaxy-tab-s9-ultra-5g.jpg","19690000","22090000","37","true","tablet"
"Galaxy Tab S9+","Samsung","Samsung Galaxy Tab S9+ Android tablet. Announced Jul 2023. Features 12.4″  display, Snapdragon 8 Gen 2 chipset, 10090 mAh battery, 512 GB storage, 12 GB RAM, Corning Gorilla Glass.","https://fdn2.gsmarena.com/vv/bigpic/samsung-galaxy-tab-s9-plus-5g.jpg","5290000","6590000","21","true","tablet"
"iPhone 16 Pro Max","Apple","Apple iPhone 16 Pro Max smartphone. Announced Sep 2024. Features 6.9″  display, Apple A18 Pro chipset, 4685 mAh battery, 1024 GB storage, 8 GB RAM, Ceramic Shield glass (2024 gen).","https://fdn2.gsmarena.com/vv/bigpic/apple-iphone-16-pro-max.jpg","4290000","4790000","40","true","smartphone"
"iPhone 16 Pro","Apple","Apple iPhone 16 Pro smartphone. Announced Sep 2024. Features 6.3″  display, Apple A18 Pro chipset, 3582 mAh battery, 1024 GB storage, 8 GB RAM, Ceramic Shield glass (2024 gen).","https://fdn2.gsmarena.com/vv/bigpic/apple-iphone-16-pro.jpg","3590000","4090000","23","true","smartphone"
"iPhone 16 Plus","Apple","Apple iPhone 16 Plus smartphone. Announced Sep 2024. Features 6.7″  display, Apple A18 chipset, 4674 mAh battery, 512 GB storage, 8 GB RAM, Ceramic Shield glass (2024 gen).","https://fdn2.gsmarena.com/vv/bigpic/apple-iphone-16-plus.jpg","2690000","3690000","32","true","smartphone"
"iPhone 16","Apple","Apple iPhone 16 smartphone. Announced Sep 2024. Features 6.1″  display, Apple A18 chipset, 3561 mAh battery, 512 GB storage, 8 GB RAM, Ceramic Shield glass (2024 gen).","https://fdn2.gsmarena.com/vv/bigpic/apple-iphone-16.jpg","13490000","15090000","23","true","smartphone"
"iPhone 15 Pro Max","Apple","Apple iPhone 15 Pro Max smartphone. Announced Sep 2023. Features 6.7″  display, Apple A17 Pro chipset, 4441 mAh battery, 1024 GB storage, 8 GB RAM, Ceramic Shield glass.","https://fdn2.gsmarena.com/vv/bigpic/apple-iphone-15-pro-max.jpg","14290000","16490000","28","true","smartphone"
"iPhone 15 Pro","Apple","Apple iPhone 15 Pro smartphone. Announced Sep 2023. Features 6.1″  display, Apple A17 Pro chipset, 3274 mAh battery, 1024 GB storage, 8 GB RAM, Ceramic Shield glass.","https://fdn2.gsmarena.com/vv/bigpic/apple-iphone-15-pro.jpg","23790000","25890000","48","true","smartphone"
"iPhone 15 Plus","Apple","Apple iPhone 15 Plus smartphone. Announced Sep 2023. Features 6.7″  display, Apple A16 Bionic chipset, 4383 mAh battery, 512 GB storage, 6 GB RAM, Ceramic Shield glass.","https://fdn2.gsmarena.com/vv/bigpic/apple-iphone-15-plus-.jpg","4490000","5490000","34","true","smartphone"
"iPhone 15","Apple","Apple iPhone 15 smartphone. Announced Sep 2023. Features 6.1″  display, Apple A16 Bionic chipset, 3349 mAh battery, 512 GB storage, 6 GB RAM, Ceramic Shield glass.","https://fdn2.gsmarena.com/vv/bigpic/apple-iphone-15.jpg","4890000","5390000","24","true","smartphone"
"iPhone 14 Pro Max","Apple","Apple iPhone 14 Pro Max smartphone. Announced Sep 2022. Features 6.7″  display, Apple A16 Bionic chipset, 4323 mAh battery, 1024 GB storage, 6 GB RAM, Ceramic Shield glass.","https://fdn2.gsmarena.com/vv/bigpic/apple-iphone-14-pro-max-.jpg","3590000","4190000","45","true","smartphone"
"iPhone 14 Pro","Apple","Apple iPhone 14 Pro smartphone. Announced Sep 2022. Features 6.1″  display, Apple A16 Bionic chipset, 3200 mAh battery, 1024 GB storage, 6 GB RAM, Ceramic Shield glass.","https://fdn2.gsmarena.com/vv/bigpic/apple-iphone-14-pro.jpg","9990000","11190000","42","true","smartphone"
"iPhone 14 Plus","Apple","Apple iPhone 14 Plus smartphone. Announced Sep 2022. Features 6.7″  display, Apple A15 Bionic chipset, 4323 mAh battery, 512 GB storage, 6 GB RAM, Ceramic Shield glass.","https://fdn2.gsmarena.com/vv/bigpic/apple-iphone-14-plus.jpg","33590000","37190000","48","true","smartphone"
"iPhone 14","Apple","Apple iPhone 14 smartphone. Announced Sep 2022. Features 6.1″  display, Apple A15 Bionic chipset, 3279 mAh battery, 512 GB storage, 6 GB RAM, Ceramic Shield glass.","https://fdn2.gsmarena.com/vv/bigpic/apple-iphone-14.jpg","29490000","33290000","20","true","smartphone"
"iPhone SE (2022)","Apple","Apple iPhone SE (2022) smartphone. Announced Mar 2022. Features 4.7″  display, Apple A15 Bionic chipset, 2018 mAh battery, 256 GB storage, 4 GB RAM, Ion-strengthened glass.","https://fdn2.gsmarena.com/vv/bigpic/apple-iphone-se-2022.jpg","30790000","35290000","47","true","smartphone"
"iPhone 13 Pro Max","Apple","Apple iPhone 13 Pro Max smartphone. Announced Sep 2021. Features 6.7″  display, Apple A15 Bionic chipset, 4352 mAh battery, 1024 GB storage, 6 GB RAM, Ceramic Shield glass.","https://fdn2.gsmarena.com/vv/bigpic/apple-iphone-13-pro-max.jpg","3790000","4490000","44","true","smartphone"
"iPhone 13 Pro","Apple","Apple iPhone 13 Pro smartphone. Announced Sep 2021. Features 6.1″  display, Apple A15 Bionic chipset, 3095 mAh battery, 1024 GB storage, 6 GB RAM, Ceramic Shield glass.","https://fdn2.gsmarena.com/vv/bigpic/apple-iphone-13-pro.jpg","3590000","4390000","27","true","smartphone"
"Watch Series 10","Apple","Apple Watch Series 10 watch. Announced Sep 2024. Features 1.96″  display, Apple S10 chipset, 327 mAh battery, 64 GB storage, IP6X certified, Sapphire crystal glass.","https://fdn2.gsmarena.com/vv/bigpic/apple-watch-series10.jpg","2990000","3690000","32","true","watch"
"Watch Series 10 Aluminum","Apple","Apple Watch Series 10 Aluminum watch. Announced Sep 2024. Features 1.96″  display, Apple S10 chipset, 327 mAh battery, 64 GB storage, IP6X certified, Ion-X strengthened glass.","https://fdn2.gsmarena.com/vv/bigpic/apple-watch-series10-alumin.jpg","1190000","2690000","35","true","watch"
"Watch Ultra 2","Apple","Apple Watch Ultra 2 watch. Announced Sep 2023. Features 1.92″  display, Apple S9 chipset, 564 mAh battery, 64 GB storage, MIL-STD 810H certified, Sapphire crystal glass.","https://fdn2.gsmarena.com/vv/bigpic/apple-watch-ultra2-black.jpg","3990000","5290000","42","true","watch"
"Watch Series 9","Apple","Apple Watch Series 9 watch. Announced Sep 2023. Features 1.9″  display, Apple S9 chipset, 308 mAh battery, 64 GB storage, IP6X certified, Sapphire crystal glass.","https://fdn2.gsmarena.com/vv/bigpic/apple-watch-series9.jpg","6690000","7590000","24","true","watch"
"Watch Series 9 Aluminum","Apple","Apple Watch Series 9 Aluminum watch. Announced Sep 2023. Features 1.9″  display, Apple S9 chipset, 308 mAh battery, 64 GB storage, IP6X certified, Ion-X strengthened glass.","https://fdn2.gsmarena.com/vv/bigpic/apple-watch-series9-aluminum.jpg","2690000","3790000","24","true","watch"
"Watch Ultra","Apple","Apple Watch Ultra watch. Announced Sep 2022. Features 1.92″  display, Apple S8 chipset, 542 mAh battery, 32 GB storage, MIL-STD 810H certified, Sapphire crystal glass.","https://fdn2.gsmarena.com/vv/bigpic/apple-watch-ultra.jpg","6990000","7590000","48","true","watch"
"Watch Series 8","Apple","Apple Watch Series 8 watch. Announced Sep 2022. Features 1.9″  display, Apple S8 chipset, 308 mAh battery, 32 GB storage, 1000 MB RAM, IP6X certified, Sapphire crystal glass.","https://fdn2.gsmarena.com/vv/bigpic/apple-watch-8.jpg","2390000","3790000","39","true","watch"
"Watch Series 8 Aluminum","Apple","Apple Watch Series 8 Aluminum watch. Announced Sep 2022. Features 1.9″  display, Apple S8 chipset, 308 mAh battery, 32 GB storage, 1000 MB RAM, IP6X certified, Ion-X strengthened glass.","https://fdn2.gsmarena.com/vv/bigpic/apple-watch-8-aluminum.jpg","1890000","2790000","21","true","watch"
"Watch SE (2022)","Apple","Apple Watch SE (2022) watch. Announced Sep 2022. Features 1.78″  display, Apple S8 chipset, 296 mAh battery, 32 GB storage, 1000 MB RAM, Ion-X strengthened glass.","https://fdn2.gsmarena.com/vv/bigpic/apple-watch-8se-2022.jpg","2990000","3490000","33","true","watch"
"Watch Edition Series 7","Apple","Apple Watch Edition Series 7 watch. Announced Sep 2021. Features 1.9″  display, Apple S7 chipset, 309 mAh battery, 32 GB storage, 1000 MB RAM, IP6X certified, Sapphire crystal glass.","https://fdn2.gsmarena.com/vv/bigpic/apple-watch-series-7-titanium.jpg","4190000","4690000","30","true","watch"
"iPad mini (2024)","Apple","Apple iPad mini (2024) tablet. Announced Oct 2024. Features 8.3″  display, Apple A17 Pro chipset, 5078 mAh battery, 512 GB storage, 8 GB RAM, Scratch-resistant glass.","https://fdn2.gsmarena.com/vv/bigpic/apple-ipad-mini-2024.jpg","7990000","9390000","46","true","tablet"
"iPad Pro 13 (2024)","Apple","Apple iPad Pro 13 (2024) tablet. Announced May 2024. Features 13.0″  display, Apple M4 chipset, 10290 mAh battery, 2048 GB storage, 16 GB RAM, Scratch-resistant glass.","https://fdn2.gsmarena.com/vv/bigpic/apple-ipad-pro-13-2024.jpg","19390000","22190000","45","true","tablet"
"iPad Pro 11 (2024)","Apple","Apple iPad Pro 11 (2024) tablet. Announced May 2024. Features 11.0″  display, Apple M4 chipset, 8160 mAh battery, 2048 GB storage, 16 GB RAM, Scratch-resistant glass.","https://fdn2.gsmarena.com/vv/bigpic/apple-ipad-pro-11-2024.jpg","13190000","14190000","35","true","tablet"
"iPad Air 13 (2024)","Apple","Apple iPad Air 13 (2024) tablet. Announced May 2024. Features 13.0″  display, Apple M2 chipset, 9705 mAh battery, 1024 GB storage, 8 GB RAM, Scratch-resistant glass.","https://fdn2.gsmarena.com/vv/bigpic/apple-ipad-air-13-2024.jpg","16390000","19590000","46","true","tablet"
"iPad Air 11 (2024)","Apple","Apple iPad Air 11 (2024) tablet. Announced May 2024. Features 11.0″  display, Apple M2 chipset, 7606 mAh battery, 1024 GB storage, 8 GB RAM, Scratch-resistant glass.","https://fdn2.gsmarena.com/vv/bigpic/apple-ipad-air-11-2024.jpg","6190000","8190000","33","true","tablet"
"iPad Pro 12.9 (2022)","Apple","Apple iPad Pro 12.9 (2022) tablet. Announced Oct 2022. Features 12.9″  display, Apple M2 chipset, 10758 mAh battery, 2048 GB storage, 16 GB RAM, Scratch-resistant glass.","https://fdn2.gsmarena.com/vv/bigpic/apple-ipad-pro-129-2022.jpg","23690000","26990000","28","true","tablet"
"iPad Pro 11 (2022)","Apple","Apple iPad Pro 11 (2022) tablet. Announced Oct 2022. Features 11.0″  display, Apple M2 chipset, 7538 mAh battery, 2048 GB storage, 16 GB RAM, Scratch-resistant glass.","https://fdn2.gsmarena.com/vv/bigpic/apple-ipad-pro-11-2022.jpg","14190000","15690000","40","true","tablet"
"iPad (2022)","Apple","Apple iPad (2022) tablet. Announced Oct 2022. Features 10.9″  display, Apple A14 Bionic chipset, 7606 mAh battery, 256 GB storage, 4 GB RAM, Scratch-resistant glass.","https://fdn2.gsmarena.com/vv/bigpic/apple-ipad-10-2022.jpg","28790000","31890000","27","true","tablet"
"iPad Air (2022)","Apple","Apple iPad Air (2022) tablet. Announced Mar 2022. Features 10.9″  display, Apple M1 chipset, 7600 mAh battery, 256 GB storage, 8 GB RAM, Scratch-resistant glass.","https://fdn2.gsmarena.com/vv/bigpic/apple-ipad-air-2022-new.jpg","20190000","23090000","31","true","tablet"
"iPad mini (2021)","Apple","Apple iPad mini (2021) tablet. Announced Sep 2021. Features 8.3″  display, Apple A15 Bionic chipset, 5078 mAh battery, 256 GB storage, 4 GB RAM, Scratch-resistant glass.","https://fdn2.gsmarena.com/vv/bigpic/apple-ipad-mini-2021.jpg","22290000","24990000","23","true","tablet"
"15 Pro","Xiaomi","Xiaomi 15 Pro Android smartphone. Announced Oct 2024. Features 6.73″  display, Snapdragon 8 Elite chipset, 6100 mAh battery, 1024 GB storage, 16 GB RAM, Shatterproof glass (2024 gen).","https://fdn2.gsmarena.com/vv/bigpic/xiaomi-15-pro.jpg","4190000","4990000","25","true","smartphone"
"15","Xiaomi","Xiaomi 15 Android smartphone. Announced Oct 2024. Features 6.36″  display, Snapdragon 8 Elite chipset, 5400 mAh battery, 1024 GB storage, 16 GB RAM, Shatterproof glass.","https://fdn2.gsmarena.com/vv/bigpic/xiaomi-15.jpg","27590000","29690000","45","true","smartphone"
"Poco C75","Xiaomi","Xiaomi Poco C75 Android smartphone. Announced Oct 2024. Features 6.88″  display, Helio G81 Ultra chipset, 5160 mAh battery, 256 GB storage, 8 GB RAM.","https://fdn2.gsmarena.com/vv/bigpic/xiaomi-poco-c75-.jpg","10390000","11690000","36","true","smartphone"
"Redmi A4","Xiaomi","Xiaomi Redmi A4 Android smartphone. Announced Oct 2024. Features 6.7″  display, Snapdragon 4s Gen 2 chipset, 5000 mAh battery, 128 GB storage, 4 GB RAM.","https://fdn2.gsmarena.com/vv/bigpic/xiaomi-redmi-a4-5g-12.jpg","4390000","4990000","32","true","smartphone"
"Redmi A3 Pro","Xiaomi","Xiaomi Redmi A3 Pro Android smartphone. Announced Oct 2024. Features 6.88″  display, Helio G81 Ultra chipset, 5160 mAh battery, 128 GB storage, 4 GB RAM.","https://fdn2.gsmarena.com/vv/bigpic/xiaomi-redmi-a3.jpg","13490000","15290000","45","true","smartphone"
"14T Pro","Xiaomi","Xiaomi 14T Pro Android smartphone. Announced Sep 2024. Features 6.67″  display, Dimensity 9300+ chipset, 5000 mAh battery, 1024 GB storage, 16 GB RAM, Scratch/drop-resistant glass.","https://fdn2.gsmarena.com/vv/bigpic/xiaomi-14t-pro.jpg","4090000","4590000","32","true","smartphone"
"14T","Xiaomi","Xiaomi 14T Android smartphone. Announced Sep 2024. Features 6.67″  display, Dimensity 8300 Ultra chipset, 5000 mAh battery, 512 GB storage, 16 GB RAM, Corning Gorilla Glass 5.","https://fdn2.gsmarena.com/vv/bigpic/xiaomi-14t.jpg","4590000","5390000","41","true","smartphone"
"Redmi Note 14 Pro+","Xiaomi","Xiaomi Redmi Note 14 Pro+ Android smartphone. Announced Sep 2024. Features 6.67″  display, Snapdragon 7s Gen 3 chipset, 6200 mAh battery, 512 GB storage, 16 GB RAM, Corning Gorilla Glass Victus 2.","https://fdn2.gsmarena.com/vv/bigpic/xiaomi-redmi-note-14-pro-plus-5g.jpg","6390000","9290000","29","true","smartphone"
"Redmi Note 14 Pro","Xiaomi","Xiaomi Redmi Note 14 Pro Android smartphone. Announced Sep 2024. Features 6.67″  display, Dimensity 7300 Ultra chipset, 5500 mAh battery, 512 GB storage, 12 GB RAM, Corning Gorilla Glass Victus 2.","https://fdn2.gsmarena.com/vv/bigpic/xiaomi-redmi-note-14-pro-5g.jpg","25790000","28290000","45","true","smartphone"
"Redmi Note 14","Xiaomi","Xiaomi Redmi Note 14 Android smartphone. Announced Sep 2024. Features 6.67″  display, Dimensity 7025 Ultra chipset, 5110 mAh battery, 256 GB storage, 12 GB RAM, Corning Gorilla Glass 5.","https://fdn2.gsmarena.com/vv/bigpic/xiaomi-redmi-note-14-5g.jpg","13090000","14790000","45","true","smartphone"
"Redmi 14R","Xiaomi","Xiaomi Redmi 14R Android smartphone. Announced Sep 2024. Features 6.88″  display, Snapdragon 4 Gen 2 chipset, 5160 mAh battery, 256 GB storage, 8 GB RAM.","https://fdn2.gsmarena.com/vv/bigpic/xiaomi-redmi-14r.jpg","10690000","13590000","23","true","smartphone"
"Redmi 14C","Xiaomi","Xiaomi Redmi 14C Android smartphone. Announced Aug 2024. Features 6.88″  display, Helio G81 Ultra chipset, 5160 mAh battery, 256 GB storage, 8 GB RAM.","https://fdn2.gsmarena.com/vv/bigpic/xiaomi-redmi-14c.jpg","10790000","13790000","34","true","smartphone"
"Poco M6 Plus","Xiaomi","Xiaomi Poco M6 Plus Android smartphone. Announced Aug 2024. Features 6.79″  display, Snapdragon 4 Gen 2 AE chipset, 5030 mAh battery, 128 GB storage, 8 GB RAM, Corning Gorilla Glass 3.","https://fdn2.gsmarena.com/vv/bigpic/xiaomi-poco-m6-plus-5g.jpg","4890000","5790000","47","true","smartphone"
"Mix Flip","Xiaomi","Xiaomi Mix Flip Android smartphone. Announced Jul 2024. Features 6.86″  display, Snapdragon 8 Gen 3 chipset, 4780 mAh battery, 1024 GB storage, 16 GB RAM.","https://fdn2.gsmarena.com/vv/bigpic/xiaomi-mix-flip.jpg","28290000","30990000","47","true","smartphone"
"Redmi K70 Ultra","Xiaomi","Xiaomi Redmi K70 Ultra Android smartphone. Announced Jul 2024. Features 6.67″  display, Dimensity 9300+ chipset, 5500 mAh battery, 1024 GB storage, 24 GB RAM, Scratch/drop-resistant glass.","https://fdn2.gsmarena.com/vv/bigpic/xiaomi-redmi-k70-ultra-.jpg","12990000","15990000","23","true","smartphone"
"Watch S4","Xiaomi","Xiaomi Watch S4 watch. Announced Oct 2024. Features 1.43″  display, 486 mAh battery, Scratch/drop-proof glass.","https://fdn2.gsmarena.com/vv/bigpic/xiaomi-watch-s4.jpg","10290000","12290000","28","true","watch"
"Redmi Watch 5 Lite","Xiaomi","Xiaomi Redmi Watch 5 Lite watch. Announced Sep 2024. Features 1.96″  display, 470 mAh battery.","https://fdn2.gsmarena.com/vv/bigpic/xiaomi-redmi-watch5-lite.jpg","7490000","8190000","23","true","watch"
"Redmi Watch 5 Active","Xiaomi","Xiaomi Redmi Watch 5 Active watch. Announced Aug 2024. Features 2.0″  display, 470 mAh battery.","https://fdn2.gsmarena.com/vv/bigpic/xiaomi-redmi-watch-5-active.jpg","2890000","3990000","23","true","watch"
"Watch S4 Sport","Xiaomi","Xiaomi Watch S4 Sport watch. Announced Jul 2024. Features 1.43″  display, 586 mAh battery, 32 GB storage, Sapphire crystal glass.","https://fdn2.gsmarena.com/vv/bigpic/xiaomi-watch-s4-sport.jpg","4690000","5290000","38","true","watch"
"Watch 2","Xiaomi","Xiaomi Watch 2 Android watch. Announced Feb 2024. Features 1.43″  display, Snapdragon W5+ Gen 1 chipset, 495 mAh battery, 32 GB storage, 2 GB RAM.","https://fdn2.gsmarena.com/vv/bigpic/xiaomi-watch2.jpg","4390000","5090000","30","true","watch"
"Watch S3","Xiaomi","Xiaomi Watch S3 watch. Announced Oct 2023. Features 1.43″  display, 486 mAh battery, Scratch/drop-proof glass.","https://fdn2.gsmarena.com/vv/bigpic/xiaomi-watch-s3.jpg","3090000","3790000","39","true","watch"
"Redmi Watch 4","Xiaomi","Xiaomi Redmi Watch 4 watch. Announced Nov 2023. Features 1.97″  display, 470 mAh battery, 16 GB storage.","https://fdn2.gsmarena.com/vv/bigpic/xiaomi-redmi-watch4.jpg","13990000","15190000","31","true","watch"
"Watch 2 Pro","Xiaomi","Xiaomi Watch 2 Pro Android watch. Announced Sep 2023. Features 1.43″  display, Snapdragon W5+ Gen 1 chipset, 495 mAh battery, 32 GB storage, 2 GB RAM.","https://fdn2.gsmarena.com/vv/bigpic/xiaomi-watch-2-pro.jpg","9190000","10590000","22","true","watch"
"Redmi Watch 3 Active","Xiaomi","Xiaomi Redmi Watch 3 Active watch. Announced Aug 2023. Features 1.83″  display, 289 mAh battery.","https://fdn2.gsmarena.com/vv/bigpic/xiaomi-redmi-watch-3-active.jpg","8890000","10090000","48","true","watch"
"Redmi Watch 3","Xiaomi","Xiaomi Redmi Watch 3 watch. Announced Dec 2022. Features 1.75″  display, 289 mAh battery.","https://fdn2.gsmarena.com/vv/bigpic/xiaomi-redmi-watch3.jpg","3990000","4590000","20","true","watch"
"Pad 7 Pro","Xiaomi","Xiaomi Pad 7 Pro Android tablet. Announced Oct 2024. Features 11.2″  display, Snapdragon 8s Gen 3 chipset, 8850 mAh battery, 512 GB storage, 12 GB RAM.","https://fdn2.gsmarena.com/vv/bigpic/xiaomi-pad-7-pro.jpg","11490000","12890000","22","true","tablet"
"Pad 7","Xiaomi","Xiaomi Pad 7 Android tablet. Announced Oct 2024. Features 11.2″  display, Snapdragon 7+ Gen 3 chipset, 8850 mAh battery, 256 GB storage, 12 GB RAM.","https://fdn2.gsmarena.com/vv/bigpic/xiaomi-pad-7-pro.jpg","24090000","27190000","23","true","tablet"
"Poco Pad 5G","Xiaomi","Xiaomi Poco Pad 5G Android tablet. Announced Aug 2024. Features 12.1″  display, Snapdragon 7s Gen 2 chipset, 10000 mAh battery, 256 GB storage, 8 GB RAM, Corning Gorilla Glass 3.","https://fdn2.gsmarena.com/vv/bigpic/xiaomi-poco-pad-5g.jpg","9190000","10890000","23","true","tablet"
"Redmi Pad SE 8.7","Xiaomi","Xiaomi Redmi Pad SE 8.7 Android tablet. Announced Jul 2024. Features 8.7″  display, Helio G85 chipset, 6650 mAh battery, 128 GB storage, 6 GB RAM, Corning Gorilla Glass 3.","https://fdn2.gsmarena.com/vv/bigpic/xiaomi-redmi-pad-se-4g-1.jpg","26390000","29190000","40","true","tablet"
"Redmi Pad Pro 5G","Xiaomi","Xiaomi Redmi Pad Pro 5G Android tablet. Announced May 2024. Features 12.1″  display, Snapdragon 7s Gen 2 chipset, 10000 mAh battery, 256 GB storage, 8 GB RAM, Corning Gorilla Glass 3.","https://fdn2.gsmarena.com/vv/bigpic/xiaomi-redmi-pad-pro-5g.jpg","8690000","9990000","34","true","tablet"
"Poco Pad","Xiaomi","Xiaomi Poco Pad Android tablet. Announced May 2024. Features 12.1″  display, Snapdragon 7s Gen 2 chipset, 10000 mAh battery, 256 GB storage, 8 GB RAM, Corning Gorilla Glass 3.","https://fdn2.gsmarena.com/vv/bigpic/xiaomi-poco-pad.jpg","24090000","27490000","41","true","tablet"
"Redmi Pad Pro","Xiaomi","Xiaomi Redmi Pad Pro Android tablet. Announced Apr 2024. Features 12.1″  display, Snapdragon 7s Gen 2 chipset, 10000 mAh battery, 256 GB storage, 8 GB RAM, Corning Gorilla Glass 3.","https://fdn2.gsmarena.com/vv/bigpic/xiaomi-redmi-pad-pro.jpg","10690000","12690000","45","true","tablet"
"Pad 6S Pro 12.4","Xiaomi","Xiaomi Pad 6S Pro 12.4 Android tablet. Announced Feb 2024. Features 12.4″  display, Snapdragon 8 Gen 2 chipset, 10000 mAh battery, 1024 GB storage, 16 GB RAM, Corning Gorilla Glass 5.","https://fdn2.gsmarena.com/vv/bigpic/xiaomi-pad-6s-pro-124.jpg","13890000","15490000","33","true","tablet"
"Redmi Pad SE","Xiaomi","Xiaomi Redmi Pad SE Android tablet. Announced Aug 2023. Features 11.0″  display, Snapdragon 680 4G chipset, 8000 mAh battery, 256 GB storage, 8 GB RAM.","https://fdn2.gsmarena.com/vv/bigpic/xiaomi-pad-se.jpg","4990000","6190000","48","true","tablet"
"Pad 6 Max 14","Xiaomi","Xiaomi Pad 6 Max 14 Android tablet. Announced Aug 2023. Features 14.0″  display, Snapdragon 8+ Gen 1 chipset, 10000 mAh battery, 1024 GB storage, 16 GB RAM.","https://fdn2.gsmarena.com/vv/bigpic/xiaomi-pad-6-max-14.jpg","13790000","15490000","37","true","tablet"
"Find X8 Pro","Oppo","Oppo Find X8 Pro Android smartphone. Announced Oct 2024. Features 6.78″  display, Dimensity 9400 chipset, 5910 mAh battery, 1024 GB storage, 16 GB RAM, Corning Gorilla Glass Victus 2.","https://fdn2.gsmarena.com/vv/bigpic/oppo-find-x8-pro.jpg","2090000","2990000","23","true","smartphone"
"Find X8","Oppo","Oppo Find X8 Android smartphone. Announced Oct 2024. Features 6.59″  display, Dimensity 9400 chipset, 5630 mAh battery, 1024 GB storage, 16 GB RAM, Unspecified.","https://fdn2.gsmarena.com/vv/bigpic/oppo-find-x8.jpg","2890000","3890000","22","true","smartphone"
"K12 Plus","Oppo","Oppo K12 Plus Android smartphone. Announced Oct 2024. Features 6.7″  display, Snapdragon 7 Gen 3 chipset, 6400 mAh battery, 512 GB storage, 12 GB RAM.","https://fdn2.gsmarena.com/vv/bigpic/oppo-k12-plus-new.jpg","9890000","11390000","47","true","smartphone"
"A80","Oppo","Oppo A80 Android smartphone. Announced Aug 2024. Features 6.67″  display, Dimensity 6300 chipset, 5100 mAh battery, 256 GB storage, 8 GB RAM, Panda glass.","https://fdn2.gsmarena.com/vv/bigpic/oppo-a80.jpg","6390000","8490000","46","true","smartphone"
"F27","Oppo","Oppo F27 Android smartphone. Announced Aug 2024. Features 6.67″  display, Dimensity 6300 chipset, 5000 mAh battery, 256 GB storage, 8 GB RAM, Asahi Glass AGC DT-Star2.","https://fdn2.gsmarena.com/vv/bigpic/oppo-f27.jpg","7890000","10290000","50","true","smartphone"
"A3 4G","Oppo","Oppo A3 4G Android smartphone. Announced Aug 2024. Features 6.67″  display, Snapdragon 6s Gen 1 chipset, 5100 mAh battery, 256 GB storage, 8 GB RAM, MIL-STD-810H compliant, Panda glass.","https://fdn2.gsmarena.com/vv/bigpic/oppo-a3-4g-int.jpg","2390000","3190000","25","true","smartphone"
"A3x 4G","Oppo","Oppo A3x 4G Android smartphone. Announced Aug 2024. Features 6.67″  display, Snapdragon 6s Gen 1 chipset, 5100 mAh battery, 256 GB storage, 8 GB RAM, MIL-STD-810H compliant, Panda glass.","https://fdn2.gsmarena.com/vv/bigpic/oppo-a3-int.jpg","21990000","24590000","32","true","smartphone"
"A3","Oppo","Oppo A3 Android smartphone. Announced Aug 2024. Features 6.67″  display, Dimensity 6300 chipset, 5100 mAh battery, 128 GB storage, 6 GB RAM, MIL-STD-810H compliant, Panda glass.","https://fdn2.gsmarena.com/vv/bigpic/oppo-a3-int.jpg","2490000","3390000","40","true","smartphone"
"A3x","Oppo","Oppo A3x Android smartphone. Announced Aug 2024. Features 6.67″  display, Dimensity 6300 chipset, 5100 mAh battery, 128 GB storage, 4 GB RAM, MIL-STD-810H compliant, Panda glass.","https://fdn2.gsmarena.com/vv/bigpic/oppo-a3x.jpg","14490000","15590000","28","true","smartphone"
"A3x (China)","Oppo","Oppo A3x (China) Android smartphone. Announced Jul 2024. Features 6.67″  display, Dimensity 6300 chipset, 5100 mAh battery, 512 GB storage, 8 GB RAM, MIL-STD-810H compliant.","https://fdn2.gsmarena.com/vv/bigpic/oppo-a3x-.jpg","2490000","3290000","33","true","smartphone"
"K12x","Oppo","Oppo K12x Android smartphone. Announced Jul 2024. Features 6.67″  display, Dimensity 6300 chipset, 5100 mAh battery, 256 GB storage, 8 GB RAM, MIL-STD-810H compliant, Panda glass.","https://fdn2.gsmarena.com/vv/bigpic/oppo-k12x-int.jpg","33090000","35490000","22","true","smartphone"
"Reno12 F 4G","Oppo","Oppo Reno12 F 4G Android smartphone. Announced Jul 2024. Features 6.67″  display, Snapdragon 685 chipset, 5000 mAh battery, 512 GB storage, 8 GB RAM, Asahi Glass AGC DT-Star2.","https://fdn2.gsmarena.com/vv/bigpic/oppo-reno12-f-4g.jpg","6590000","8990000","49","true","smartphone"
"A3 (China)","Oppo","Oppo A3 (China) Android smartphone. Announced Jul 2024. Features 6.7″  display, Snapdragon 695 5G chipset, 5000 mAh battery, 512 GB storage, 12 GB RAM, Corning Gorilla Glass 7i.","https://fdn2.gsmarena.com/vv/bigpic/oppo-a3-r.jpg","2990000","3790000","41","true","smartphone"
"Reno12 F","Oppo","Oppo Reno12 F Android smartphone. Announced Jun 2024. Features 6.67″  display, Dimensity 6300 chipset, 5000 mAh battery, 512 GB storage, 12 GB RAM, Asahi Glass AGC DT-Star2.","https://fdn2.gsmarena.com/vv/bigpic/oppo-reno12-f.jpg","27690000","30990000","25","true","smartphone"
"A3 Pro","Oppo","Oppo A3 Pro Android smartphone. Announced Jun 2024. Features 6.67″  display, Dimensity 6300 chipset, 5100 mAh battery, 256 GB storage, 8 GB RAM, Panda glass.","https://fdn2.gsmarena.com/vv/bigpic/oppo-a80.jpg","30090000","34990000","44","true","smartphone"
"Watch X","Oppo","Oppo Watch X Android watch. Announced Feb 2024. Features 1.43″  display, Snapdragon W5 Gen 1 chipset, 500 mAh battery, 32 GB storage, 2 GB RAM, MIL-STD-810H compliant, Sapphire crystal glass.","https://fdn2.gsmarena.com/vv/bigpic/oppo-watch-x.jpg","5990000","6790000","29","true","watch"
"Watch SE","Oppo","Oppo Watch SE watch. Announced Aug 2023. Features 1.75″  display, Snapdragon Wear 4100 chipset, 400 mAh battery, 8 GB storage, 1000 MB RAM.","https://fdn2.gsmarena.com/vv/bigpic/oppo-watch-se.jpg","1190000","2590000","33","true","watch"
"Watch 4 Pro","Oppo","Oppo Watch 4 Pro watch. Announced Aug 2023. Features 1.91″  display, Snapdragon W5+ Gen 1 chipset, 570 mAh battery, 32 GB storage, 2 GB RAM.","https://fdn2.gsmarena.com/vv/bigpic/oppo-watch4-pro-.jpg","2490000","3190000","40","true","watch"
"Watch 3 Pro","Oppo","Oppo Watch 3 Pro Android watch. Announced Aug 2022. Features 1.91″  display, Snapdragon W5+ Gen 1 chipset, 550 mAh battery, 32 GB storage, 1000 MB RAM.","https://fdn2.gsmarena.com/vv/bigpic/oppo-watch3-pro.jpg","9990000","11890000","43","true","watch"
"Watch 3","Oppo","Oppo Watch 3 Android watch. Announced Aug 2022. Features 1.75″  display, Snapdragon W5+ Gen 1 chipset, 400 mAh battery, 32 GB storage, 1000 MB RAM.","https://fdn2.gsmarena.com/vv/bigpic/oppo-watch3.jpg","7390000","8390000","47","true","watch"
"Watch 2","Oppo","Oppo Watch 2 Android watch. Announced Jul 2021. Features 1.91″  display, Snapdragon Wear 4100 chipset, 510 mAh battery, 8 GB storage, 1000 MB RAM.","https://fdn2.gsmarena.com/vv/bigpic/oppo-watch-2.jpg","14790000","16690000","24","true","watch"
"Watch","Oppo","Oppo Watch Android watch. Announced Mar 2020. Features 1.91″  display, Snapdragon Wear 3100 chipset, 430 mAh battery, 8 GB storage, 1000 MB RAM, Schott Xensation Up (46mm).","https://fdn2.gsmarena.com/vv/bigpic/oppo-watch.jpg","7490000","8390000","24","true","watch"
"Pad 3 Pro","Oppo","Oppo Pad 3 Pro Android tablet. Announced Oct 2024. Features 12.1″  display, Snapdragon 8 Gen 3 chipset, 9510 mAh battery, 1024 GB storage, 16 GB RAM.","https://fdn2.gsmarena.com/vv/bigpic/oppo-pad-3-pro.jpg","6490000","7590000","24","true","tablet"
"Pad Neo","Oppo","Oppo Pad Neo Android tablet. Announced Jan 2024. Features 11.4″  display, Helio G99 chipset, 8000 mAh battery, 128 GB storage, 8 GB RAM.","https://fdn2.gsmarena.com/vv/bigpic/oppo-pad-air2.jpg","10790000","11790000","32","true","tablet"
"Pad Air2","Oppo","Oppo Pad Air2 Android tablet. Announced Nov 2023. Features 11.4″  display, Helio G99 chipset, 8000 mAh battery, 256 GB storage, 8 GB RAM.","https://fdn2.gsmarena.com/vv/bigpic/oppo-pad-air2.jpg","14790000","16590000","31","true","tablet"
"Pad 2","Oppo","Oppo Pad 2 Android tablet. Announced Mar 2023. Features 11.61″  display, Dimensity 9000 chipset, 9510 mAh battery, 512 GB storage, 12 GB RAM.","https://fdn2.gsmarena.com/vv/bigpic/oppo-pad2-.jpg","8690000","10590000","29","true","tablet"
"Pad Air","Oppo","Oppo Pad Air Android tablet. Announced May 2022. Features 10.36″  display, Snapdragon 680 4G chipset, 7100 mAh battery, 128 GB storage, 6 GB RAM.","https://fdn2.gsmarena.com/vv/bigpic/oppo-pad-air.jpg","8690000","10590000","43","true","tablet"
"Pad","Oppo","Oppo Pad Android tablet. Announced Feb 2022. Features 11.0″  display, Snapdragon 870 5G chipset, 8360 mAh battery, 256 GB storage, 8 GB RAM.","https://fdn2.gsmarena.com/vv/bigpic/oppo-pad.jpg","28290000","32290000","50","true","tablet"
"108 4G (2024)","Nokia","Nokia 108 4G (2024) phone. Announced Oct 2024. Features 2.0″  display, 1450 mAh battery.","https://fdn2.gsmarena.com/vv/bigpic/nokia-108-4g-2024.jpg","27490000","32390000","50","true","smartphone"
"110 4G (2024)","Nokia","Nokia 110 4G (2024) phone. Announced Oct 2024. Features 2.0″  display, 1000 mAh battery, 64 MB storage, 128 MB RAM.","https://fdn2.gsmarena.com/vv/bigpic/nokia-110-4g-2024.jpg","2590000","3290000","35","true","smartphone"
"105 (2024)","Nokia","Nokia 105 (2024) smartphone. Announced Jul 2024. Features 2.0″  display, 1000 mAh battery, 4 MB storage, 4 MB RAM.","https://fdn2.gsmarena.com/vv/bigpic/nokia-105-2024.jpg","14890000","16490000","47","true","smartphone"
"220 4G (2024)","Nokia","Nokia 220 4G (2024) phone. Announced Jun 2024. Features 2.8″  display, Unisoc T107 chipset, 1450 mAh battery, 128 MB storage, 64 MB RAM.","https://fdn2.gsmarena.com/vv/bigpic/nokia-220-4g-2024-new.jpg","12290000","14890000","44","true","smartphone"
"3210","Nokia","Nokia 3210 phone. Announced May 2024. Features 2.4″  display, Unisoc T107 chipset, 1450 mAh battery, 128 MB storage, 64 MB RAM.","https://fdn2.gsmarena.com/vv/bigpic/nokia-3210.jpg","10190000","11690000","22","true","smartphone"
"235 4G (2024)","Nokia","Nokia 235 4G (2024) phone. Announced Apr 2024. Features 2.8″  display, Unisoc T107 chipset, 1450 mAh battery, 128 MB storage, 64 MB RAM.","https://fdn2.gsmarena.com/vv/bigpic/nokia-235-4g-2024.jpg","15690000","19190000","29","true","smartphone"
"225 4G (2024)","Nokia","Nokia 225 4G (2024) phone. Announced Apr 2024. Features 2.4″  display, Unisoc T107 chipset, 1450 mAh battery, 128 MB storage, 64 MB RAM.","https://fdn2.gsmarena.com/vv/bigpic/nokia-225-4g-2024.jpg","14490000","16090000","20","true","smartphone"
"215 4G (2024)","Nokia","Nokia 215 4G (2024) phone. Announced Apr 2024. Features 2.8″  display, Unisoc T107 chipset, 1450 mAh battery, 128 MB storage, 64 MB RAM.","https://fdn2.gsmarena.com/vv/bigpic/nokia-215-4g-2024.jpg","4890000","5690000","46","true","smartphone"
"6310 (2024)","Nokia","Nokia 6310 (2024) phone. Announced Apr 2024. Features 2.8″  display, Unisoc 6531F chipset, 1450 mAh battery, 16 MB storage, 8 MB RAM.","https://fdn2.gsmarena.com/vv/bigpic/nokia-6310-2024-new.jpg","34090000","36690000","41","true","smartphone"
"5310 (2024)","Nokia","Nokia 5310 (2024) phone. Announced Apr 2024. Features 2.8″  display, Unisoc 6531F chipset, 1450 mAh battery, 16 MB storage, 8 MB RAM.","https://fdn2.gsmarena.com/vv/bigpic/nokia-5310-2024.jpg","2090000","2590000","42","true","smartphone"
"230 (2024)","Nokia","Nokia 230 (2024) phone. Announced Apr 2024. Features 2.8″  display, Unisoc 6531F chipset, 1450 mAh battery, 16 MB storage, 8 MB RAM.","https://fdn2.gsmarena.com/vv/bigpic/nokia-230-2024.jpg","2790000","3490000","25","true","smartphone"
"C210","Nokia","Nokia C210 Android smartphone. Announced Aug 2023. Features 6.3″  display, Snapdragon 662 chipset, 3000 mAh battery, 32 GB storage, 3 GB RAM, Corning Gorilla Glass 3.","https://fdn2.gsmarena.com/vv/bigpic/nokia-c210.jpg","2190000","3090000","29","true","smartphone"
"G310","Nokia","Nokia G310 Android smartphone. Announced Aug 2023. Features 6.56″  display, Snapdragon 480+ 5G chipset, 5000 mAh battery, 128 GB storage, 4 GB RAM, Corning Gorilla Glass 3.","https://fdn2.gsmarena.com/vv/bigpic/nokia-g310-5g.jpg","10390000","12490000","49","true","smartphone"
"150 (2023)","Nokia","Nokia 150 (2023) phone. Announced Aug 2023. Features 2.4″  display, 1450 mAh battery, 4 MB storage, 4 MB RAM.","https://fdn2.gsmarena.com/vv/bigpic/nokia-150-2023.jpg","3990000","4490000","36","true","smartphone"
"130 (2023)","Nokia","Nokia 130 (2023) phone. Announced Aug 2023. Features 2.4″  display, 1450 mAh battery, 4 MB storage, 4 MB RAM.","https://fdn2.gsmarena.com/vv/bigpic/nokia-130-music.jpg","11990000","13090000","34","true","smartphone"
"T21","Nokia","Nokia T21 Android tablet. Announced Sep 2022. Features 10.4″  display, Unisoc Tiger T612 chipset, 8200 mAh battery, 128 GB storage, 4 GB RAM, Scratch-resistant glass.","https://fdn2.gsmarena.com/vv/bigpic/nokia-t21.jpg","13090000","14990000","30","true","tablet"
"T10","Nokia","Nokia T10 Android tablet. Announced Jul 2022. Features 8.0″  display, Unisoc T606 chipset, 5250 mAh battery, 64 GB storage, 4 GB RAM.","https://fdn2.gsmarena.com/vv/bigpic/nokia-t10.jpg","18990000","21590000","41","true","tablet"
"T20","Nokia","Nokia T20 Android tablet. Announced Oct 2021. Features 10.4″  display, Unisoc T610 chipset, 8200 mAh battery, 64 GB storage, 4 GB RAM, Scratch-resistant glass.","https://fdn2.gsmarena.com/vv/bigpic/nokia-t20-.jpg","16890000","19890000","28","true","tablet"
"N1","Nokia","Nokia N1 Android tablet. Announced Nov 2014. Features 7.9″  display, Intel Atom Z3580 chipset, 8 MP primary camera, 5 MP front camera, 5300 mAh battery, 32 GB storage, 2 GB RAM, Corning Gorilla Glass 3.","https://fdn2.gsmarena.com/vv/bigpic/nokia-n1.jpg","6590000","8490000","31","true","tablet"
"N810","Nokia","Nokia N810 tablet. Announced Oct 2007. Features 4.13″  display, TI OMAP 2420 chipset, 1500 mAh battery, 2 GB storage, 128 MB RAM.","https://fdn2.gsmarena.com/vv/bigpic/nokia-n810.jpg","27290000","29390000","30","true","tablet"
"N800","Nokia","Nokia N800 tablet. Announced Jan 2007. Features 4.13″  display, 128 MB RAM.","https://fdn2.gsmarena.com/vv/bigpic/nokia-n800.jpg","29690000","33190000","24","true","tablet"
"iQOO 13","Vivo","vivo iQOO 13 Android smartphone. Announced Oct 2024. Features 6.82″  display, Snapdragon 8 Elite chipset, 6150 mAh battery, 1024 GB storage, 16 GB RAM.","https://fdn2.gsmarena.com/vv/bigpic/vivo-iqoo-13.jpg","8190000","10490000","28","true","smartphone"
"Y300 Plus","Vivo","vivo Y300 Plus Android smartphone. Announced Oct 2024. Features 6.78″  display, Snapdragon 695 5G chipset, 5000 mAh battery, 128 GB storage, 8 GB RAM.","https://fdn2.gsmarena.com/vv/bigpic/vivo-y300-plus-5g-.jpg","4190000","4990000","30","true","smartphone"
"X200 Pro mini","Vivo","vivo X200 Pro mini Android smartphone. Announced Oct 2024. Features 6.31″  display, Dimensity 9400 chipset, 5700 mAh battery, 1024 GB storage, 16 GB RAM.","https://fdn2.gsmarena.com/vv/bigpic/vivo-x200-pro-mini.jpg","2690000","3390000","36","true","smartphone"
"X200 Pro","Vivo","vivo X200 Pro Android smartphone. Announced Oct 2024. Features 6.78″  display, Dimensity 9400 chipset, 6000 mAh battery, 1024 GB storage, 16 GB RAM, Scratch/drop-resistant glass.","https://fdn2.gsmarena.com/vv/bigpic/vivo-x200-pro.jpg","4990000","7790000","47","true","smartphone"
"X200","Vivo","vivo X200 Android smartphone. Announced Oct 2024. Features 6.67″  display, Dimensity 9400 chipset, 5800 mAh battery, 1024 GB storage, 16 GB RAM.","https://fdn2.gsmarena.com/vv/bigpic/vivo-x200.jpg","11490000","13190000","22","true","smartphone"
"Y19s","Vivo","vivo Y19s Android smartphone. Announced Oct 2024. Features 6.68″  display, Unisoc Tiger T612 chipset, 5500 mAh battery, 128 GB storage, 6 GB RAM, MIL-STD-810H compliant.","https://fdn2.gsmarena.com/vv/bigpic/vivo-y19s.jpg","9290000","11490000","23","true","smartphone"
"V40 Lite 4G (IDN)","Vivo","vivo V40 Lite 4G (IDN) Android smartphone. Announced Sep 2024. Features 6.67″  display, Snapdragon 685 chipset, 5000 mAh battery, 256 GB storage, 8 GB RAM.","https://fdn2.gsmarena.com/vv/bigpic/vivo-v40-lite-idn.jpg","14490000","16890000","48","true","smartphone"
"V40 Lite (IDN)","Vivo","vivo V40 Lite (IDN) Android smartphone. Announced Sep 2024. Features 6.67″  display, Snapdragon 4 Gen 2 chipset, 5000 mAh battery, 512 GB storage, 12 GB RAM.","https://fdn2.gsmarena.com/vv/bigpic/vivo-v40-lite-5g-idn.jpg","28990000","32390000","33","true","smartphone"
"V40e","Vivo","vivo V40e Android smartphone. Announced Sep 2024. Features 6.77″  display, Dimensity 7300 chipset, 5500 mAh battery, 256 GB storage, 8 GB RAM.","https://fdn2.gsmarena.com/vv/bigpic/vivo-v40e.jpg","3190000","3890000","31","true","smartphone"
"iQOO Z9 Turbo+","Vivo","vivo iQOO Z9 Turbo+ Android smartphone. Announced Sep 2024. Features 6.78″  display, Dimensity 9300+ chipset, 6400 mAh battery, 512 GB storage, 16 GB RAM.","https://fdn2.gsmarena.com/vv/bigpic/vivo-iqoo-z9-turbo-plus.jpg","11190000","13790000","49","true","smartphone"
"T3 Ultra","Vivo","vivo T3 Ultra Android smartphone. Announced Sep 2024. Features 6.78″  display, Dimensity 9200+ chipset, 5500 mAh battery, 256 GB storage, 12 GB RAM, Schott Xensation Alpha.","https://fdn2.gsmarena.com/vv/bigpic/vivo-t3-ultra.jpg","11690000","13090000","35","true","smartphone"
"Y300 Pro","Vivo","vivo Y300 Pro Android smartphone. Announced Sep 2024. Features 6.77″  display, Snapdragon 6 Gen 1 chipset, 6500 mAh battery, 512 GB storage, 12 GB RAM.","https://fdn2.gsmarena.com/vv/bigpic/vivo-y300-pro.jpg","4990000","5590000","44","true","smartphone"
"Y37 Pro","Vivo","vivo Y37 Pro Android smartphone. Announced Aug 2024. Features 6.68″  display, Snapdragon 4 Gen 2 chipset, 6000 mAh battery, 256 GB storage, 8 GB RAM.","https://fdn2.gsmarena.com/vv/bigpic/vivo-y37-pro.jpg","22790000","25290000","21","true","smartphone"
"Y37","Vivo","vivo Y37 Android smartphone. Announced Jul 2024. Features 6.56″  display, Dimensity 6300 chipset, 5000 mAh battery, 256 GB storage, 12 GB RAM.","https://fdn2.gsmarena.com/vv/bigpic/vivo-y37-2024.jpg","29490000","32190000","50","true","smartphone"
"T3 Pro","Vivo","vivo T3 Pro Android smartphone. Announced Aug 2024. Features 6.77″  display, Snapdragon 7 Gen 3 chipset, 5500 mAh battery, 256 GB storage, 8 GB RAM, Schott Xensation.","https://fdn2.gsmarena.com/vv/bigpic/vivo-t3-pro.jpg","2390000","2990000","32","true","smartphone"
"iQOO Watch GT","Vivo","vivo iQOO Watch GT watch. Announced Jul 2024. Features 1.85″  display, 505 mAh battery.","https://fdn2.gsmarena.com/vv/bigpic/vivo-iqoo-watch-gt.jpg","2690000","3490000","29","true","watch"
"Watch GT","Vivo","vivo Watch GT watch. Announced May 2024. Features 1.85″  display, 505 mAh battery.","https://fdn2.gsmarena.com/vv/bigpic/vivo-watch-gt.jpg","14890000","16490000","39","true","watch"
"iQOO Watch","Vivo","vivo iQOO Watch watch. Announced Apr 2024. Features 1.43″  display, 505 mAh battery, 4 GB storage, 64 MB RAM.","https://fdn2.gsmarena.com/vv/bigpic/vivo-iqoo-watch.jpg","7590000","8190000","48","true","watch"
"Watch 3","Vivo","vivo Watch 3 watch. Announced Nov 2023. Features 1.43″  display, 505 mAh battery, 4 GB storage, 64 MB RAM.","https://fdn2.gsmarena.com/vv/bigpic/vivo-watch3.jpg","12490000","14190000","28","true","watch"
"Watch 2","Vivo","vivo Watch 2 watch. Announced Dec 2021. Features 1.43″  display, 2 GB storage.","https://fdn2.gsmarena.com/vv/bigpic/vivo-watch2.jpg","6390000","7190000","22","true","watch"
"Watch","Vivo","vivo Watch watch. Announced Sep 2020. Features 1.39″  display, 478 mAh battery, 2 GB storage.","https://fdn2.gsmarena.com/vv/bigpic/vivo-watch-2020.jpg","5590000","6390000","27","true","watch"
"Pad3","Vivo","vivo Pad3 Android tablet. Announced Jun 2024. Features 12.1″  display, Snapdragon 8s Gen 3 chipset, 10000 mAh battery, 512 GB storage, 12 GB RAM.","https://fdn2.gsmarena.com/vv/bigpic/vivo-pad3.jpg","6290000","7690000","30","true","tablet"
"iQOO Pad2 Pro","Vivo","vivo iQOO Pad2 Pro Android tablet. Announced May 2024. Features 13.0″  display, Dimensity 9300+ chipset, 11500 mAh battery, 512 GB storage, 16 GB RAM.","https://fdn2.gsmarena.com/vv/bigpic/vivo-iqoo-pad2-pro.jpg","6790000","8190000","25","true","tablet"
"iQOO Pad2","Vivo","vivo iQOO Pad2 Android tablet. Announced May 2024. Features 12.1″  display, Snapdragon 8s Gen 3 chipset, 10000 mAh battery, 512 GB storage, 12 GB RAM.","https://fdn2.gsmarena.com/vv/bigpic/vivo-iqoo-pad2.jpg","4990000","6890000","20","true","tablet"
"Pad3 Pro","Vivo","vivo Pad3 Pro Android tablet. Announced Mar 2024. Features 13.0″  display, Dimensity 9300 chipset, 11500 mAh battery, 512 GB storage, 16 GB RAM.","https://fdn2.gsmarena.com/vv/bigpic/vivo-pad3-pro.jpg","27790000","30490000","22","true","tablet"
"Pad Air","Vivo","vivo Pad Air Android tablet. Announced Aug 2023. Features 11.5″  display, Snapdragon 870 5G chipset, 8500 mAh battery, 512 GB storage, 12 GB RAM.","https://fdn2.gsmarena.com/vv/bigpic/vivo-pad-air-.jpg","25190000","27890000","28","true","tablet"
"iQOO Pad","Vivo","vivo iQOO Pad Android tablet. Announced May 2023. Features 12.1″  display, Dimensity 9000+ chipset, 10000 mAh battery, 512 GB storage, 12 GB RAM.","https://fdn2.gsmarena.com/vv/bigpic/vivo-iqoo-pad.jpg","14190000","15490000","39","true","tablet"
"Pad2","Vivo","vivo Pad2 Android tablet. Announced Apr 2023. Features 12.1″  display, Dimensity 9000 chipset, 10000 mAh battery, 512 GB storage, 12 GB RAM.","https://fdn2.gsmarena.com/vv/bigpic/vivo-pad2.jpg","23990000","26490000","20","true","tablet"
"Pad","Vivo","vivo Pad Android tablet. Announced Apr 2022. Features 11.0″  display, Snapdragon 870 5G chipset, 8040 mAh battery, 256 GB storage, 8 GB RAM.","https://fdn2.gsmarena.com/vv/bigpic/vivo-pad.jpg","5190000","7090000","47","true","tablet"
"GT7 Pro","Realme","Realme GT7 Pro Android smartphone. Announced Nov 2024. Features 6.78″  display, Snapdragon 8 Elite chipset, 6500 mAh battery, 1024 GB storage, 16 GB RAM, Unspecified.","https://fdn2.gsmarena.com/vv/bigpic/realme-gt7-pro.jpg","2990000","3790000","46","true","smartphone"
"P1 Speed","Realme","Realme P1 Speed Android smartphone. Announced Oct 2024. Features 6.67″  display, Dimensity 7300 Energy chipset, 5000 mAh battery, 256 GB storage, 12 GB RAM.","https://fdn2.gsmarena.com/vv/bigpic/realme-p1-speed.jpg","30290000","33190000","43","true","smartphone"
"P2 Pro","Realme","Realme P2 Pro Android smartphone. Announced Sep 2024. Features 6.7″  display, Snapdragon 7s Gen 2 chipset, 5200 mAh battery, 512 GB storage, 12 GB RAM.","https://fdn2.gsmarena.com/vv/bigpic/realme-p2-pro.jpg","32590000","34890000","31","true","smartphone"
"Narzo 70 Turbo","Realme","Realme Narzo 70 Turbo Android smartphone. Announced Sep 2024. Features 6.67″  display, Dimensity 7300 Energy chipset, 5000 mAh battery, 256 GB storage, 12 GB RAM.","https://fdn2.gsmarena.com/vv/bigpic/realme-narzo-70-turbo.jpg","28690000","31790000","33","true","smartphone"
"Note 60","Realme","Realme Note 60 Android smartphone. Announced Aug 2024. Features 6.74″  display, Unisoc Tiger T612 chipset, 5000 mAh battery, 256 GB storage, 8 GB RAM, Reinforced glass.","https://fdn2.gsmarena.com/vv/bigpic/realme-narzo-n61.jpg","2190000","2990000","49","true","smartphone"
"13+","Realme","Realme 13+ Android smartphone. Announced Aug 2024. Features 6.67″  display, Dimensity 7300 Energy chipset, 5000 mAh battery, 512 GB storage, 12 GB RAM.","https://fdn2.gsmarena.com/vv/bigpic/realme-13-plus-5g.jpg","6490000","7590000","35","true","smartphone"
"13","Realme","Realme 13 Android smartphone. Announced Aug 2024. Features 6.72″  display, Dimensity 6300 chipset, 5000 mAh battery, 256 GB storage, 12 GB RAM.","https://fdn2.gsmarena.com/vv/bigpic/realme-13-5g.jpg","26590000","29890000","28","true","smartphone"
"C63 5G","Realme","Realme C63 5G Android smartphone. Announced Aug 2024. Features 6.67″  display, Dimensity 6300 chipset, 5000 mAh battery, 128 GB storage, 8 GB RAM.","https://fdn2.gsmarena.com/vv/bigpic/realme-v60.jpg","5490000","6690000","49","true","smartphone"
"13 4G","Realme","Realme 13 4G Android smartphone. Announced Aug 2024. Features 6.67″  display, Snapdragon 685 chipset, 5000 mAh battery, 256 GB storage, 8 GB RAM.","https://fdn2.gsmarena.com/vv/bigpic/realme-12-4g.jpg","10090000","11590000","29","true","smartphone"
"13 Pro+","Realme","Realme 13 Pro+ Android smartphone. Announced Jul 2024. Features 6.7″  display, Snapdragon 7s Gen 2 chipset, 5200 mAh battery, 512 GB storage, 12 GB RAM, Corning Gorilla Glass 7i.","https://fdn2.gsmarena.com/vv/bigpic/realme-13-pro-plus.jpg","13790000","16590000","38","true","smartphone"
"13 Pro","Realme","Realme 13 Pro Android smartphone. Announced Jul 2024. Features 6.7″  display, Snapdragon 7s Gen 2 chipset, 5200 mAh battery, 512 GB storage, 12 GB RAM, Corning Gorilla Glass 7i.","https://fdn2.gsmarena.com/vv/bigpic/realme-13-pro.jpg","34790000","38890000","23","true","smartphone"
"Narzo N61","Realme","Realme Narzo N61 Android smartphone. Announced Jul 2024. Features 6.74″  display, Unisoc Tiger T612 chipset, 5000 mAh battery, 128 GB storage, 6 GB RAM, Reinforced glass.","https://fdn2.gsmarena.com/vv/bigpic/realme-narzo-n61.jpg","3690000","4390000","30","true","smartphone"
"C61","Realme","Realme C61 Android smartphone. Announced Jul 2024. Features 6.74″  display, Unisoc Tiger T612 chipset, 5000 mAh battery, 256 GB storage, 8 GB RAM.","https://fdn2.gsmarena.com/vv/bigpic/realme-c61-int.jpg","22190000","26290000","32","true","smartphone"
"GT6 (China)","Realme","Realme GT6 (China) Android smartphone. Announced Jul 2024. Features 6.78″  display, Snapdragon 8 Gen 3 chipset, 5800 mAh battery, 1024 GB storage, 16 GB RAM, Crystal Armor glass.","https://fdn2.gsmarena.com/vv/bigpic/realme-gt6-cn.jpg","20690000","24590000","28","true","smartphone"
"C61 (India)","Realme","Realme C61 (India) Android smartphone. Announced Jun 2024. Features 6.78″  display, Unisoc Tiger T612 chipset, 5000 mAh battery, 128 GB storage, 6 GB RAM.","https://fdn2.gsmarena.com/vv/bigpic/realme-c61.jpg","7090000","8690000","34","true","smartphone"
"Watch S2","Realme","Realme Watch S2 phone. Announced Jul 2024. Features 1.43″  display, 380 mAh battery, Scratch-resistant glass.","https://fdn2.gsmarena.com/vv/bigpic/realme-watch-s2.jpg","7190000","7990000","40","true","watch"
"Watch 3 Pro","Realme","Realme Watch 3 Pro watch. Announced Sep 2022. Features 1.78″  display, 345 mAh battery.","https://fdn2.gsmarena.com/vv/bigpic/realme-watch3-pro.jpg","4090000","5290000","25","true","watch"
"Watch 3","Realme","Realme Watch 3 watch. Announced Jul 2022. Features 1.8″  display, 340 mAh battery.","https://fdn2.gsmarena.com/vv/bigpic/realme-watch3.jpg","5390000","6590000","34","true","watch"
"TechLife Watch R100","Realme","Realme TechLife Watch R100 watch. Announced Jun 2022. Features 1.32″  display, 380 mAh battery.","https://fdn2.gsmarena.com/vv/bigpic/realme-techlife-watch-r100.jpg","1290000","2490000","20","true","watch"
"TechLife Watch S100","Realme","Realme TechLife Watch S100 watch. Announced Mar 2022. Features 1.69″  display, 260 mAh battery.","https://fdn2.gsmarena.com/vv/bigpic/realme-techlife-watch-s100.jpg","1590000","2590000","34","true","watch"
"Watch T1","Realme","Realme Watch T1 watch. Announced Oct 2021. Features 1.3″  display, 228 mAh battery.","https://fdn2.gsmarena.com/vv/bigpic/realme-watch-t1.jpg","1490000","2590000","21","true","watch"
"Watch 2 Pro","Realme","Realme Watch 2 Pro watch. Announced May 2021. Features 1.75″  display, 390 mAh battery.","https://fdn2.gsmarena.com/vv/bigpic/realme-watch-2-pro.jpg","7190000","8190000","40","true","watch"
"Watch 2","Realme","Realme Watch 2 watch. Announced Apr 2021. Features 1.4″  display, 315 mAh battery.","https://fdn2.gsmarena.com/vv/bigpic/realme-watch-2.jpg","6090000","7390000","35","true","watch"
"Watch S Pro","Realme","Realme Watch S Pro watch. Announced Dec 2020. Features 1.39″  display, 420 mAh battery, Corning Gorilla Glass.","https://fdn2.gsmarena.com/vv/bigpic/realme-watch-s-pro.jpg","2690000","3390000","46","true","watch"
"Watch S","Realme","Realme Watch S watch. Announced Nov 2020. Features 1.3″  display, 390 mAh battery, Corning Gorilla Glass.","https://fdn2.gsmarena.com/vv/bigpic/realme-watch-s.jpg","12590000","14190000","23","true","watch"
"Pad 2 Lite","Realme","Realme Pad 2 Lite Android tablet. Announced Sep 2024. Features 10.95″  display, Helio G99 chipset, 8300 mAh battery, 128 GB storage, 8 GB RAM.","https://fdn2.gsmarena.com/vv/bigpic/realme-pad-2-lite.jpg","23690000","26590000","33","true","tablet"
"Pad 2","Realme","Realme Pad 2 Android tablet. Announced Jul 2023. Features 11.5″  display, Helio G99 chipset, 8360 mAh battery, 256 GB storage, 8 GB RAM.","https://fdn2.gsmarena.com/vv/bigpic/realme-pad2.jpg","23090000","26290000","29","true","tablet"
"Pad X","Realme","Realme Pad X Android tablet. Announced May 2022. Features 10.95″  display, Snapdragon 695 5G chipset, 8340 mAh battery, 128 GB storage, 6 GB RAM.","https://fdn2.gsmarena.com/vv/bigpic/realme-pad-x.jpg","14090000","15890000","21","true","tablet"
"Pad Mini","Realme","Realme Pad Mini Android tablet. Announced Apr 2022. Features 8.7″  display, Unisoc Tiger T616 chipset, 6400 mAh battery, 128 GB storage, 6 GB RAM.","https://fdn2.gsmarena.com/vv/bigpic/realme-pad-mini.jpg","16590000","19890000","24","true","tablet"
"Pad","Realme","Realme Pad Android tablet. Announced Sep 2021. Features 10.4″  display, MT6769V chipset, 7100 mAh battery, 128 GB storage, 6 GB RAM.","https://fdn2.gsmarena.com/vv/bigpic/realme-pad.jpg","23290000","26390000","37","true","tablet"
"503","Tcl","TCL 503 Android smartphone. Announced Feb 2024. Features 6.6″  display, Unisoc SC9863A chipset, 5000 mAh battery, 64 GB storage, 3 GB RAM.","https://fdn2.gsmarena.com/vv/bigpic/tcl-503.jpg","32890000","34890000","20","true","smartphone"
"50 Pro NxtPaper","Tcl","TCL 50 Pro NxtPaper Android smartphone. Announced Sep 2024. Features 6.8″  display, Dimensity 6300 chipset, 5010 mAh battery, 512 GB storage, 8 GB RAM.","https://fdn2.gsmarena.com/vv/bigpic/tcl-50-pro-nxtpaper.jpg","7690000","9990000","41","true","smartphone"
"50 NxtPaper","Tcl","TCL 50 NxtPaper Android smartphone. Announced Sep 2024. Features 6.8″  display, Dimensity 6300 chipset, 5010 mAh battery, 256 GB storage, 8 GB RAM.","https://fdn2.gsmarena.com/vv/bigpic/tcl-50-nxtpaper.jpg","27990000","30690000","34","true","smartphone"
"50 XE NxtPaper","Tcl","TCL 50 XE NxtPaper Android smartphone. Announced Jun 2024. Features 6.56″  display, Dimensity 6100+ chipset, 5010 mAh battery, 128 GB storage, 4 GB RAM.","https://fdn2.gsmarena.com/vv/bigpic/tcl-50-xe-nxtpaper.jpg","4590000","5190000","45","true","smartphone"
"50 XL NxtPaper","Tcl","TCL 50 XL NxtPaper Android smartphone. Announced Jun 2024. Features 6.78″  display, Dimensity 6100+ chipset, 5010 mAh battery, 128 GB storage, 6 GB RAM.","https://fdn2.gsmarena.com/vv/bigpic/tcl-50-xl-nxtpaper-5g.jpg","2090000","2790000","44","true","smartphone"
"50 XL","Tcl","TCL 50 XL Android smartphone. Announced Jun 2024. Features 6.78″  display, Dimensity 6100+ chipset, 5010 mAh battery, 128 GB storage, 6 GB RAM.","https://fdn2.gsmarena.com/vv/bigpic/tcl-50-xl-5g.jpg","7290000","10290000","46","true","smartphone"
"50 XE","Tcl","TCL 50 XE Android smartphone. Announced Jun 2024. Features 6.56″  display, Dimensity 6100+ chipset, 5010 mAh battery, 128 GB storage, 4 GB RAM.","https://fdn2.gsmarena.com/vv/bigpic/tcl-50-xe-5g.jpg","7090000","9790000","27","true","smartphone"
"50 LE","Tcl","TCL 50 LE Android smartphone. Announced Jun 2024. Features 6.6″  display, Dimensity 700 chipset, 4000 mAh battery, 64 GB storage, 4 GB RAM.","https://fdn2.gsmarena.com/vv/bigpic/tcl-50-le.jpg","30290000","33090000","47","true","smartphone"
"Flip","Tcl","TCL Flip smartphone. Announced  2024. Features 2.8″  display, Snapdragon 215 chipset, 1850 mAh battery, 4 GB storage, 512 MB RAM.","https://fdn2.gsmarena.com/vv/bigpic/tcl-flip.jpg","4490000","5390000","36","true","smartphone"
"Classic","Tcl","TCL Classic phone. Announced  2024. Features 2.8″  display, MT6739 chipset, 1850 mAh battery, 4 GB storage, 512 MB RAM.","https://fdn2.gsmarena.com/vv/bigpic/tcl-classic.jpg","13490000","15290000","44","true","smartphone"
"Flip 3","Tcl","TCL Flip 3 smartphone. Announced  2024. Features 3.2″  display, Snapdragon 215 chipset, 1850 mAh battery, 16 GB storage, 1000 MB RAM.","https://fdn2.gsmarena.com/vv/bigpic/tcl-flip3.jpg","30290000","34490000","45","true","smartphone"
"Flip 2","Tcl","TCL Flip 2 phone. Announced  2024. Features 2.8″  display, MT6739-CH chipset, 1850 mAh battery, 4 GB storage, 1000 MB RAM.","https://fdn2.gsmarena.com/vv/bigpic/tcl-flip2.jpg","7490000","10390000","37","true","smartphone"
"50 5G","Tcl","TCL 50 5G Android smartphone. Announced Feb 2024. Features 6.6″  display, Dimensity 6100+ chipset, 5010 mAh battery, 128 GB storage, 4 GB RAM.","https://fdn2.gsmarena.com/vv/bigpic/tcl-50-5g-.jpg","12990000","14890000","50","true","smartphone"
"50 SE","Tcl","TCL 50 SE Android smartphone. Announced Feb 2024. Features 6.78″  display, Helio G88 chipset, 5010 mAh battery, 256 GB storage, 6 GB RAM.","https://fdn2.gsmarena.com/vv/bigpic/tcl-50-se-.jpg","3590000","4390000","29","true","smartphone"
"501","Tcl","TCL 501 Android smartphone. Announced Feb 2024. Features 6.0″  display, Helio G36 chipset, 3000 mAh battery, 32 GB storage, 2 GB RAM.","https://fdn2.gsmarena.com/vv/bigpic/tcl-501.jpg","5690000","8090000","22","true","smartphone"
"MoveTime","Tcl","TCL MoveTime watch. Announced Sep 2020. Features 1.41″  display, Snapdragon Wear 2500 chipset, 600 mAh battery, 4 GB storage, 512 MB RAM.","https://fdn2.gsmarena.com/vv/bigpic/tcl-movetime.jpg","7190000","7890000","28","true","watch"
"NxtPaper 14","Tcl","TCL NxtPaper 14 Android tablet. Announced Feb 2024. Features 12.2″  display, Helio G99 chipset, 10000 mAh battery, 256 GB storage, 8 GB RAM.","https://fdn2.gsmarena.com/vv/bigpic/tcl-nxtpaper-14.jpg","5290000","6290000","23","true","tablet"
"Tab 10 NxtPaper","Tcl","TCL Tab 10 NxtPaper Android tablet. Announced Feb 2024. Features 10.4″  display, MediaTek 24E chipset, 6000 mAh battery, 128 GB storage, 6 GB RAM.","https://fdn2.gsmarena.com/vv/bigpic/tcl-tab-10-nxtpaper-5g.jpg","19690000","21790000","21","true","tablet"
"Tab 10L Gen 3","Tcl","TCL Tab 10L Gen 3 Android tablet. Announced Jul 2024. Features 10.1″  display, MT8768V chipset, 6000 mAh battery, 64 GB storage, 4 GB RAM.","https://fdn2.gsmarena.com/vv/bigpic/tcl-tab-10l-gen3.jpg","27390000","30390000","35","true","tablet"
"Tab 10L Gen2","Tcl","TCL Tab 10L Gen2 Android tablet. Announced Aug 2023. Features 10.1″  display, MT8766B chipset, 6000 mAh battery, 32 GB storage, 3 GB RAM.","https://fdn2.gsmarena.com/vv/bigpic/tcl-tab-10l-gen2.jpg","25990000","28490000","28","true","tablet"
"Tab 10 Gen2","Tcl","TCL Tab 10 Gen2 Android tablet. Announced Aug 2023. Features 10.36″  display, MT6762 Helio P22T chipset, 6000 mAh battery, 128 GB storage, 4 GB RAM.","https://fdn2.gsmarena.com/vv/bigpic/tcl-tab-10-gen2.jpg","16290000","18990000","32","true","tablet"
"Tab 11","Tcl","TCL Tab 11 Android tablet. Announced Feb 2023. Features 10.95″  display, MT8183 Helio P60T chipset, 8000 mAh battery.","https://fdn2.gsmarena.com/vv/bigpic/tcl-nxtpaper-11.jpg","5690000","7290000","34","true","tablet"
"NxtPaper 11","Tcl","TCL NxtPaper 11 Android tablet. Announced Feb 2023. Features 10.95″  display, MT8183 Helio P60T chipset, 8000 mAh battery.","https://fdn2.gsmarena.com/vv/bigpic/tcl-nxtpaper-11.jpg","8290000","9790000","22","true","tablet"
"NxtPaper 12 Pro","Tcl","TCL NxtPaper 12 Pro Android tablet. Announced Jan 2023. Features 12.2″  display, MT8771 chipset, 8000 mAh battery, 256 GB storage, 8 GB RAM.","https://fdn2.gsmarena.com/vv/bigpic/tcl-nxtpaper-12-pro.jpg","10690000","12190000","45","true","tablet"
"Tab 10s 5G","Tcl","TCL Tab 10s 5G Android tablet. Announced Feb 2022. Features 10.1″  display, MT8771 chipset, 8000 mAh battery, 64 GB storage, 4 GB RAM.","https://fdn2.gsmarena.com/vv/bigpic/tcl-tab-10s-5g.jpg","10390000","11690000","23","true","tablet"
"Tab 10 HD 4G","Tcl","TCL Tab 10 HD 4G Android tablet. Announced Feb 2022. Features 10.1″  display, MT8768E chipset, 5500 mAh battery, 32 GB storage, 3 GB RAM.","https://fdn2.gsmarena.com/vv/bigpic/tcl-tab-10-hd-4g.jpg","12890000","14390000","20","true","tablet"